method,queries,recall_at_1,recall_at_5,recall_at_10,mrr,ndcg_at_5,ndcg_at_10
Random,932,0.000715307582260372,0.005722460658082976,0.010371959942775394,0.007570238295431258,0.003017580055565197,0.004516244723695985
BM25,932,0.032904148783977114,0.11838340486409156,0.1709585121602289,0.07971728451285882,0.07653010206624751,0.09336524504810134
TF-IDF,932,0.03111587982832618,0.0919170243204578,0.12875536480686695,0.06766102198980731,0.06222758777319958,0.07393097544272623
Semantic,932,0.3082975679542203,0.5633047210300429,0.6641630901287554,0.42479044502454993,0.4404280566341949,0.47349712691843615
Structure-only,932,0.013590844062947067,0.03755364806866953,0.06437768240343347,0.03334012028753704,0.026037779677856122,0.03481983803162343
Semantic + AST,932,0.18919885550786839,0.4055793991416309,0.5139484978540773,0.2925849397553324,0.2990685654387561,0.33467938707702816
Semantic + Calls,932,0.11659513590844063,0.3701716738197425,0.5472103004291845,0.24658601419104278,0.2467161942297981,0.3043582891842833
Semantic + Dependencies,932,0.2449928469241774,0.4645922746781116,0.5697424892703863,0.3528689988495714,0.35967379917240244,0.39407865799124187
Semantic + Inheritance,932,0.2761087267525036,0.5482832618025751,0.6566523605150214,0.40032971620873503,0.41747059889351007,0.4527766342558167
Full CodeInsight,932,0.3136623748211731,0.5708154506437768,0.6706008583690987,0.43150878286736705,0.447772882848547,0.48029874064030714
