model,queries,recall_at_1,recall_at_1_std,recall_at_5,recall_at_5_std,recall_at_10,recall_at_10_std,mrr,mrr_std,ndcg_at_5,ndcg_at_5_std,ndcg_at_10,ndcg_at_10_std,precision_at_5,precision_at_5_std,precision_at_10,precision_at_10_std
Lexical,932,0.03111587982832618,0.0,0.0919170243204578,0.0006194745377571136,0.12875536480686695,0.0010729613733905519,0.06766102198980731,0.00029635949510907326,0.06222758777319958,0.00035726417108805907,0.07393097544272623,0.0004414159602057995,0.01838340486409156,0.00012389490755142273,0.012875536480686697,0.00010729613733905484
Semantic,932,0.3082975679542203,0.002233547209727602,0.5633047210300429,0.0018584236132713331,0.6641630901287554,0.0,0.42479044502454993,0.0013470878387022804,0.4404280566341949,0.0003848915065130655,0.47349712691843615,0.0009936465774793655,0.11266094420600857,0.00037168472265426824,0.06641630901287554,0.0
Structure-only,932,0.013590844062947067,0.0006194745377571097,0.03755364806866953,0.0010729613733905588,0.06437768240343347,0.0,0.03334012028753704,0.00024900063974540377,0.02603777967785612,0.0005379209029569233,0.03481983803162343,0.00028087425230405907,0.0075107296137339056,0.00021459227467811141,0.006437768240343348,0.0
Semantic + AST,932,0.18919885550786839,0.002233547209727613,0.40557939914163094,0.0018584236132713331,0.5139484978540773,0.0,0.2925849397553324,0.0013470774176529926,0.2990685654387561,0.000384891506513013,0.33467938707702816,0.0009936465774793017,0.08111587982832617,0.00037168472265426824,0.05139484978540772,0.0
Semantic + Calls,932,0.11659513590844063,0.0016389755704420011,0.3701716738197425,0.001858423613271301,0.5472103004291845,0.0,0.24658601419104278,0.0010900077572387216,0.2467161942297981,0.0002056894097561729,0.3043582891842833,0.0008092033778544802,0.0740343347639485,0.0003716847226542522,0.05472103004291846,0.0
Semantic + Dependencies,932,0.2449928469241774,0.002233547209727613,0.4645922746781116,0.0018584236132713331,0.5697424892703863,0.0,0.3528689988495714,0.0013470878387022804,0.3596737991724025,0.0003848915065130969,0.3940786579912419,0.0009936465774793655,0.09291845493562231,0.00037168472265426824,0.05697424892703862,0.0
Semantic + Inheritance,932,0.2761087267525036,0.0022335472097276244,0.548283261802575,0.0018584236132713331,0.6566523605150214,0.0,0.40032971620873503,0.0013470878387022486,0.41747059889351007,0.000384891506513034,0.45277663425581666,0.0009936465774793017,0.10965665236051503,0.0003716847226542602,0.06566523605150214,0.0
Semantic + Multi-Structure,932,0.2503576537911302,0.002233547209727602,0.5171673819742489,0.001858423613271269,0.6330472103004292,0.0,0.375260315255017,0.001347084079195275,0.38970849350578135,0.000384891506513034,0.4274990748167331,0.0009936465774793336,0.10343347639484977,0.0003716847226542602,0.06330472103004291,0.0
Full CodeInsight,932,0.3136623748211731,0.002233547209727602,0.5708154506437768,0.0018584236132713331,0.6706008583690987,0.0,0.431508782867367,0.0013470878387022486,0.447772882848547,0.0003848915065130655,0.4802987406403072,0.0009936465774793655,0.11416309012875535,0.00037168472265426824,0.06706008583690985,0.0
