seed,method,queries,recall_at_1,recall_at_5,recall_at_10,mrr,ndcg_at_5,ndcg_at_10,precision_at_5,precision_at_10
13,Random,932,0.0,0.002145922746781116,0.0075107296137339056,0.0055822978465794315,0.0009515588060456455,0.002651335130917274,0.0004291845493562232,0.0007510729613733906
13,BM25,932,0.033261802575107295,0.11802575107296137,0.17060085836909872,0.07991311729081563,0.07656420958840754,0.09340325410260351,0.023605150214592276,0.017060085836909874
13,TF-IDF,932,0.03111587982832618,0.09227467811158799,0.1298283261802575,0.06798571748932608,0.06250006971423783,0.07443761385633978,0.0184549356223176,0.012982832618025752
13,Semantic,932,0.30579399141630903,0.5654506437768241,0.6641630901287554,0.42324020563439874,0.43999178442094594,0.4723560093244054,0.1130901287553648,0.06641630901287554
13,Structure-only,932,0.013948497854077254,0.03862660944206009,0.06437768240343347,0.033621127593938746,0.026647358423400637,0.035144158405784595,0.007725321888412017,0.006437768240343348
13,Semantic + AST,932,0.18669527896995708,0.40772532188841204,0.5139484978540773,0.29103471372262557,0.2986322932255072,0.33353826948299753,0.0815450643776824,0.05139484978540772
13,Semantic + Calls,932,0.1148068669527897,0.3723175965665236,0.5472103004291845,0.2453338694145086,0.2464943331785677,0.30343158275227117,0.07446351931330471,0.05472103004291846
13,Semantic + Dependencies,932,0.24248927038626608,0.4667381974248927,0.5697424892703863,0.3513187594594202,0.3592375269591535,0.3929375403972112,0.09334763948497854,0.05697424892703862
13,Semantic + Inheritance,932,0.27360515021459225,0.5504291845493562,0.6566523605150214,0.3987794768185839,0.4170343266802612,0.45163551666178603,0.11008583690987124,0.06566523605150214
13,Semantic + Multi-Structure,932,0.2478540772532189,0.51931330472103,0.6330472103004292,0.37371008022065433,0.38927222129253247,0.4263579572227024,0.10386266094420599,0.06330472103004291
13,CodeInsight,932,0.3111587982832618,0.572961373390558,0.6706008583690987,0.42995854347721585,0.44733661063529806,0.47915762304627646,0.11459227467811157,0.06706008583690985
42,Random,932,0.0,0.0075107296137339056,0.011802575107296138,0.008029549229217062,0.0034769193059008283,0.004887299526441608,0.0015021459227467812,0.0011802575107296139
42,BM25,932,0.033261802575107295,0.11802575107296137,0.17060085836909872,0.07981738400176905,0.07644280702106264,0.09332934993334382,0.023605150214592276,0.017060085836909874
42,TF-IDF,932,0.03111587982832618,0.09120171673819742,0.12875536480686695,0.06740508698244575,0.06182310645933282,0.07372599036788396,0.018240343347639486,0.012875536480686695
42,Semantic,932,0.31008583690987124,0.5622317596566524,0.6641630901287554,0.4254550476616783,0.4405727666640751,0.4739641410469185,0.11244635193133046,0.06641630901287554
42,Structure-only,932,0.013948497854077254,0.03648068669527897,0.06437768240343347,0.03314691474722327,0.02562969842460301,0.034659279963557665,0.007296137339055794,0.006437768240343348
42,Semantic + AST,932,0.19098712446351931,0.40450643776824036,0.5139484978540773,0.2932495222112548,0.2992132754686363,0.3351464012055105,0.08090128755364806,0.05139484978540772
42,Semantic + Calls,932,0.11802575107296137,0.36909871244635195,0.5472103004291845,0.24710155601887887,0.24675369867866903,0.30471809773175634,0.0738197424892704,0.05472103004291846
42,Semantic + Dependencies,932,0.24678111587982832,0.463519313304721,0.5697424892703863,0.35353360148669977,0.3598185092022827,0.39454567211972424,0.0927038626609442,0.05697424892703862
42,Semantic + Inheritance,932,0.2778969957081545,0.5472103004291845,0.6566523605150214,0.4009943188458634,0.41761530892339027,0.453243648384299,0.10944206008583691,0.06566523605150214
42,Semantic + Multi-Structure,932,0.2521459227467811,0.5160944206008584,0.6330472103004292,0.37592491571425113,0.38985320353566155,0.42796608894521543,0.10321888412017166,0.06330472103004291
42,CodeInsight,932,0.315450643776824,0.5697424892703863,0.6706008583690987,0.43217338550449536,0.4479175928784272,0.4807657547687895,0.11394849785407724,0.06706008583690985
2026,Random,932,0.002145922746781116,0.0075107296137339056,0.011802575107296138,0.009098867810497282,0.004624262054749118,0.006010099513729074,0.001502145922746781,0.0011802575107296139
2026,BM25,932,0.032188841201716736,0.11909871244635194,0.17167381974248927,0.0794213522459918,0.07658328958927237,0.09336313110835667,0.023819742489270386,0.017167381974248927
2026,TF-IDF,932,0.03111587982832618,0.09227467811158799,0.1276824034334764,0.06759226149765007,0.0623595871460281,0.07362932210395493,0.0184549356223176,0.012768240343347642
2026,Semantic,932,0.3090128755364807,0.5622317596566524,0.6641630901287554,0.42567608177757277,0.4407196188175636,0.4741712303839845,0.11244635193133046,0.06641630901287554
2026,Structure-only,932,0.012875536480686695,0.03755364806866953,0.06437768240343347,0.033252318521449095,0.02583628218556471,0.03465607572552804,0.007510729613733906,0.006437768240343348
2026,Semantic + AST,932,0.18991416309012876,0.40450643776824036,0.5139484978540773,0.29347058333211684,0.29936012762212477,0.3353534905425765,0.08090128755364806,0.05139484978540772
2026,Semantic + Calls,932,0.11695278969957082,0.36909871244635195,0.5472103004291845,0.2473226171397409,0.24690055083215753,0.3049251870688224,0.0738197424892704,0.05472103004291846
2026,Semantic + Dependencies,932,0.24570815450643776,0.463519313304721,0.5697424892703863,0.35375463560259424,0.35996536135577123,0.3947527614567903,0.0927038626609442,0.05697424892703862
2026,Semantic + Inheritance,932,0.27682403433476394,0.5472103004291845,0.6566523605150214,0.40121535296175787,0.4177621610768788,0.453450737721365,0.10944206008583691,0.06566523605150214
2026,Semantic + Multi-Structure,932,0.2510729613733906,0.5160944206008584,0.6330472103004292,0.37614594983014554,0.3900000556891501,0.42817317828228146,0.10321888412017166,0.06330472103004291
2026,CodeInsight,932,0.3143776824034335,0.5697424892703863,0.6706008583690987,0.4323944196203898,0.4480644450319157,0.48097284410585556,0.11394849785407724,0.06706008583690985
