seed,repository,method,queries,recall_at_1,recall_at_5,recall_at_10,mrr,ndcg_at_5,ndcg_at_10,precision_at_5,precision_at_10
13,click,Random,265,0.0,0.0037735849056603774,0.007547169811320755,0.007625461227958921,0.00145982191409261,0.0027176835493127353,0.0007547169811320755,0.0007547169811320755
13,click,BM25,265,0.033962264150943396,0.13584905660377358,0.20754716981132076,0.09260035420982783,0.0862693556250651,0.1093412473584596,0.027169811320754716,0.020754716981132074
13,click,TF-IDF,265,0.026415094339622643,0.0830188679245283,0.1471698113207547,0.06785418955339668,0.055711948333737,0.07614098503466865,0.01660377358490566,0.014716981132075473
13,click,Semantic,265,0.2943396226415094,0.5886792452830188,0.7433962264150943,0.4347814653027343,0.450085173338091,0.5005945962565086,0.11773584905660375,0.07433962264150944
13,click,Structure-only,265,0.03018867924528302,0.07169811320754717,0.14339622641509434,0.06543861318610593,0.05111558698919336,0.07451784288405643,0.014339622641509436,0.014339622641509436
13,click,Semantic + AST,265,0.18490566037735848,0.4037735849056604,0.5509433962264151,0.2988614198576004,0.29892478292640834,0.34716846170953936,0.08075471698113207,0.05509433962264151
13,click,Semantic + Calls,265,0.1509433962264151,0.4490566037735849,0.6754716981132075,0.2974255655705332,0.30196918134427225,0.3758323203110604,0.08981132075471698,0.06754716981132075
13,click,Semantic + Dependencies,265,0.27169811320754716,0.569811320754717,0.6981132075471698,0.41051467952849435,0.4301552761880878,0.47163968959409674,0.11396226415094339,0.06981132075471698
13,click,Semantic + Inheritance,265,0.2679245283018868,0.5962264150943396,0.7433962264150943,0.4233615058820343,0.44476918005284766,0.49247731760757835,0.1192452830188679,0.07433962264150945
13,click,Semantic + Multi-Structure,265,0.2641509433962264,0.5924528301886792,0.7169811320754716,0.413637821348879,0.4379058014007787,0.4786954033300363,0.11849056603773585,0.07169811320754717
13,click,CodeInsight,265,0.3132075471698113,0.6150943396226415,0.7433962264150943,0.4549704095517955,0.47423802764373674,0.5163757943730907,0.12301886792452828,0.07433962264150942
13,pydantic,Random,667,0.0,0.0014992503748125937,0.0074962518740629685,0.00477054627826524,0.0007496251874062968,0.002624974814763155,0.0002998500749625188,0.0007496251874062968
13,pydantic,BM25,667,0.03298350824587706,0.11094452773613193,0.15592203898050974,0.07487246094368186,0.07270834197264404,0.08707106787651375,0.02218890554722639,0.015592203898050975
13,pydantic,TF-IDF,667,0.03298350824587706,0.095952023988006,0.12293853073463268,0.06803797371574481,0.06519699949809496,0.07376086218878783,0.0191904047976012,0.012293853073463267
13,pydantic,Semantic,667,0.3103448275862069,0.5562218890554723,0.6326836581709145,0.4186548475952549,0.4359816673848988,0.46113678063324004,0.11124437781109443,0.06326836581709144
13,pydantic,Structure-only,667,0.0074962518740629685,0.025487256371814093,0.03298350824587706,0.02097999763603124,0.01692609819861043,0.0195009404346571,0.005097451274362819,0.0032983508245877065
13,pydantic,Semantic + AST,667,0.1874062968515742,0.40929535232383807,0.4992503748125937,0.2879251528144271,0.2985160866726754,0.3281229757198286,0.08185907046476762,0.049925037481259364
13,pydantic,Semantic + Calls,667,0.10044977511244378,0.34182908545727136,0.4962518740629685,0.22463776824307455,0.22445410114871509,0.27466667202801454,0.06836581709145427,0.04962518740629685
13,pydantic,Semantic + Dependencies,667,0.23088455772113944,0.4257871064467766,0.5187406296851574,0.3278001405414223,0.331061809499382,0.36166907032648454,0.08515742128935531,0.051874062968515745
13,pydantic,Semantic + Inheritance,667,0.27586206896551724,0.5322338830584707,0.6221889055472264,0.3890130035025204,0.40601523201199224,0.4354090140371459,0.10644677661169415,0.06221889055472264
13,pydantic,Semantic + Multi-Structure,667,0.2413793103448276,0.49025487256371814,0.5997001499250375,0.3578467347948978,0.3699500342930043,0.40556421926401653,0.09805097451274361,0.05997001499250375
13,pydantic,CodeInsight,667,0.3103448275862069,0.5562218890554723,0.6416791604197901,0.42002129533664073,0.4366486413590818,0.4643707933587116,0.11124437781109443,0.06416791604197901
42,click,Random,265,0.0,0.011320754716981131,0.018867924528301886,0.0119068557162376,0.005631256112144316,0.008111396424491499,0.002264150943396227,0.0018867924528301887
42,click,BM25,265,0.033962264150943396,0.13584905660377358,0.20754716981132076,0.09267907070603779,0.0862693556250651,0.10942756378779804,0.027169811320754716,0.020754716981132074
42,click,TF-IDF,265,0.026415094339622643,0.0830188679245283,0.1471698113207547,0.06773285685562608,0.055711948333737,0.07614098503466865,0.01660377358490566,0.014716981132075473
42,click,Semantic,265,0.3018867924528302,0.5811320754716981,0.7433962264150943,0.4368747509560994,0.44912614550087904,0.5019038556935524,0.1162264150943396,0.07433962264150944
42,click,Structure-only,265,0.033962264150943396,0.07547169811320754,0.13962264150943396,0.0674177710264056,0.054395097353074656,0.07500937428686645,0.01509433962264151,0.013962264150943397
42,click,Semantic + AST,265,0.19245283018867926,0.39622641509433965,0.5509433962264151,0.3009547055109655,0.2979657550891964,0.3484777211465831,0.07924528301886792,0.05509433962264151
42,click,Semantic + Calls,265,0.15849056603773584,0.44150943396226416,0.6754716981132075,0.29951885122389826,0.30101015350706034,0.37714157974810414,0.08830188679245282,0.06754716981132075
42,click,Semantic + Dependencies,265,0.2792452830188679,0.5622641509433962,0.6981132075471698,0.41260796518185944,0.42919624835087594,0.47294894903114054,0.11245283018867924,0.06981132075471698
42,click,Semantic + Inheritance,265,0.27547169811320754,0.5886792452830188,0.7433962264150943,0.4254547915353994,0.44381015221563574,0.49378657704462214,0.11773584905660375,0.07433962264150945
42,click,Semantic + Multi-Structure,265,0.27169811320754716,0.5849056603773585,0.7169811320754716,0.4157311070022441,0.4369467735635668,0.48000466276708015,0.11698113207547169,0.07169811320754717
42,click,CodeInsight,265,0.32075471698113206,0.6075471698113207,0.7433962264150943,0.4570636952051606,0.4732789998065249,0.5176850538101344,0.12150943396226416,0.07433962264150942
42,pydantic,Random,667,0.0,0.005997001499250375,0.008995502248875561,0.00648909013017592,0.002620998385879052,0.003606361478490751,0.001199400299850075,0.0008995502248875562
42,pydantic,BM25,667,0.03298350824587706,0.11094452773613193,0.15592203898050974,0.07470741851956333,0.07253870600148145,0.08693350784724134,0.02218890554722639,0.015592203898050975
42,pydantic,TF-IDF,667,0.03298350824587706,0.0944527736131934,0.12143928035982009,0.06727486356956301,0.06425107782857253,0.07276650972815693,0.018890554722638682,0.01214392803598201
42,pydantic,Semantic,667,0.31334332833583206,0.5547226386806596,0.6326836581709145,0.4209179841339098,0.4371744977109221,0.4628636547180459,0.11094452773613193,0.06326836581709144
42,pydantic,Structure-only,667,0.005997001499250375,0.020989505247376312,0.034482758620689655,0.019531057304969422,0.014201166616439614,0.018628133043502443,0.004197901049475263,0.003448275862068966
42,pydantic,Semantic + AST,667,0.1904047976011994,0.4077961019490255,0.4992503748125937,0.2901882424894806,0.29970891699869867,0.3298498498046345,0.08155922038980509,0.049925037481259364
42,pydantic,Semantic + Calls,667,0.10194902548725637,0.3403298350824588,0.4962518740629685,0.22627609390594008,0.22519753596574,0.27594415060382205,0.06806596701649176,0.04962518740629685
42,pydantic,Semantic + Dependencies,667,0.23388305847076463,0.424287856071964,0.5187406296851574,0.33006327708007716,0.3322546398254053,0.3633959444112905,0.0848575712143928,0.051874062968515745
42,pydantic,Semantic + Inheritance,667,0.27886056971514245,0.5307346326836582,0.6221889055472264,0.39127614004117517,0.40720806233801543,0.43713588812195187,0.1061469265367316,0.06221889055472264
42,pydantic,Semantic + Multi-Structure,667,0.24437781109445278,0.48875562218890556,0.5997001499250375,0.360109862204029,0.37114286461902757,0.4072910933488225,0.09775112443778111,0.05997001499250375
42,pydantic,CodeInsight,667,0.31334332833583206,0.5547226386806596,0.6416791604197901,0.4222844318752956,0.4378414716851051,0.4660976674435175,0.11094452773613193,0.06416791604197901
2026,click,Random,265,0.0,0.0037735849056603774,0.011320754716981131,0.007865387958711573,0.001625194558767521,0.004105334871114703,0.0007547169811320755,0.0011320754716981135
2026,click,BM25,265,0.033962264150943396,0.13584905660377358,0.20754716981132076,0.0925456858696279,0.0862693556250651,0.1093412473584596,0.027169811320754716,0.020754716981132074
2026,click,TF-IDF,265,0.026415094339622643,0.0830188679245283,0.14339622641509434,0.06808658972917911,0.055711948333737,0.07505017436931814,0.01660377358490566,0.014339622641509436
2026,click,Semantic,265,0.2981132075471698,0.5811320754716981,0.7433962264150943,0.43677239663877465,0.4489831745674488,0.5019727377982137,0.1162264150943396,0.07433962264150944
2026,click,Structure-only,265,0.03018867924528302,0.07924528301886792,0.1471698113207547,0.0677766783629509,0.05512164854257016,0.07702598180562072,0.01584905660377359,0.014716981132075473
2026,click,Semantic + AST,265,0.18867924528301888,0.39622641509433965,0.5509433962264151,0.30085235119364073,0.2978227841557662,0.34854660325124437,0.07924528301886792,0.05509433962264151
2026,click,Semantic + Calls,265,0.15471698113207547,0.44150943396226416,0.6754716981132075,0.2994164969065735,0.30086718257363004,0.3772104618527654,0.08830188679245282,0.06754716981132075
2026,click,Semantic + Dependencies,265,0.27547169811320754,0.5622641509433962,0.6981132075471698,0.4125056108645347,0.42905327741744564,0.47301783113580176,0.11245283018867924,0.06981132075471698
2026,click,Semantic + Inheritance,265,0.27169811320754716,0.5886792452830188,0.7433962264150943,0.42535243721807464,0.4436671812822055,0.4938554591492834,0.11773584905660375,0.07433962264150945
2026,click,Semantic + Multi-Structure,265,0.2679245283018868,0.5849056603773585,0.7169811320754716,0.4156287526849193,0.43680380263013663,0.48007354487174136,0.11698113207547169,0.07169811320754717
2026,click,CodeInsight,265,0.3169811320754717,0.6075471698113207,0.7433962264150943,0.4569613408878358,0.4731360288730946,0.5177539359147957,0.12150943396226416,0.07433962264150942
2026,pydantic,Random,667,0.0029985007496251873,0.008995502248875561,0.01199400299850075,0.009588931019977362,0.0058157956176203675,0.006766865076386957,0.0017991004497751126,0.001199400299850075
2026,pydantic,BM25,667,0.031484257871064465,0.11244377811094453,0.15742128935532235,0.07420703678832527,0.07273500248359759,0.08701500396251369,0.022488755622188907,0.015742128935532233
2026,pydantic,TF-IDF,667,0.03298350824587706,0.095952023988006,0.12143928035982009,0.06739586422425402,0.06500070301597884,0.07306481558173417,0.0191904047976012,0.01214392803598201
2026,pydantic,Semantic,667,0.31334332833583206,0.5547226386806596,0.6326836581709145,0.4212675009106785,0.437436496967909,0.4631256539750328,0.11094452773613193,0.06326836581709144
2026,pydantic,Structure-only,667,0.005997001499250375,0.020989505247376312,0.031484257871064465,0.019535743771826937,0.014201166616439614,0.01782245486911941,0.004197901049475263,0.0031484257871064467
2026,pydantic,Semantic + AST,667,0.1904047976011994,0.4077961019490255,0.4992503748125937,0.29053779700032695,0.2999709162556856,0.3301118490616215,0.08155922038980509,0.049925037481259364
2026,pydantic,Semantic + Calls,667,0.10194902548725637,0.3403298350824588,0.4962518740629685,0.22662564841678642,0.22545953522272694,0.27620614986080905,0.06806596701649176,0.04962518740629685
2026,pydantic,Semantic + Dependencies,667,0.23388305847076463,0.424287856071964,0.5187406296851574,0.33041279385684585,0.33251663908239226,0.3636579436682774,0.0848575712143928,0.051874062968515745
2026,pydantic,Semantic + Inheritance,667,0.27886056971514245,0.5307346326836582,0.6221889055472264,0.39162565681794387,0.40747006159500243,0.4373978873789387,0.1061469265367316,0.06221889055472264
2026,pydantic,Semantic + Multi-Structure,667,0.24437781109445278,0.48875562218890556,0.5997001499250375,0.36045937898079766,0.3714048638760145,0.4075530926058095,0.09775112443778111,0.05997001499250375
2026,pydantic,CodeInsight,667,0.31334332833583206,0.5547226386806596,0.6416791604197901,0.42263394865206416,0.43810347094209207,0.4663596667005045,0.11094452773613193,0.06416791604197901
